<?xml version='1.0' encoding='UTF-8'?>
<application id='nextmeal-admin-api' default-action='restful'>
    <globals>
    </globals>

    <filters>
        <filter id='data-filter' class='pworks.mvc.filter.CachedHttpInputFilter' type='global'>
            <!--parameter key='messageFilePath' value='conf/common_error_messages.php'/ -->
            <!--parameter key='useMessagePack' value='TRUE'/ -->
        </filter>
    </filters>

    <resultTypes>
        <resultType id='json' class='pworks.mvc.result.JsonResult' />
    </resultTypes>

    <actions>
        <action id='error' class='pworks.mvc.action.ErrorAction'>
            <result id='succ' />
        </action>
        
        <action id='restful' class='pworks.mvc.action.RestRouterAction'>
            <result id='succ' type='json' />
        </action>

        <!-- 获取一个短信验证码 -->
        <action id='GenerateSMSCode' type='rest' method='post' url='/sms/code' />

        <!-- 验证短信验证码 -->
        <action id='VerifySMSCode' type='rest' method='post' url='/sms/verify' />
        
        <!-- 上传图片 -->
        <action id='UploadCameraImage' type='rest' method='post' url='/upload/images' />

    </actions>

</application>
